"id3","Label3","id4","Label4","Group","Codes"
"http://data.europa.eu/esco/isco/C111","Legislators and senior officials","http://data.europa.eu/esco/isco/C1111","Legislators",1,"C111"
"http://data.europa.eu/esco/isco/C111","Legislators and senior officials","http://data.europa.eu/esco/isco/C1112","Senior government officials",1,"C111"
"http://data.europa.eu/esco/isco/C111","Legislators and senior officials","http://data.europa.eu/esco/isco/C1113","Traditional chiefs and heads of village",1,"C111"
"http://data.europa.eu/esco/isco/C111","Legislators and senior officials","http://data.europa.eu/esco/isco/C1114","Senior officials of special-interest organisations",1,"C111"
"http://data.europa.eu/esco/isco/C213","Life science professionals","http://data.europa.eu/esco/isco/C2131","Biologists, botanists, zoologists and related professionals",2,"C213"
"http://data.europa.eu/esco/isco/C213","Life science professionals","http://data.europa.eu/esco/isco/C2132","Farming, forestry and fisheries advisers",2,"C213"
"http://data.europa.eu/esco/isco/C213","Life science professionals","http://data.europa.eu/esco/isco/C2133","Environmental protection professionals",2,"C213"
"http://data.europa.eu/esco/isco/C121","Business services and administration managers","http://data.europa.eu/esco/isco/C1211","Finance managers",3,"C121"
"http://data.europa.eu/esco/isco/C121","Business services and administration managers","http://data.europa.eu/esco/isco/C1212","Human resource managers",3,"C121"
"http://data.europa.eu/esco/isco/C121","Business services and administration managers","http://data.europa.eu/esco/isco/C1213","Policy and planning managers",3,"C121"
"http://data.europa.eu/esco/isco/C121","Business services and administration managers","http://data.europa.eu/esco/isco/C1219","Business services and administration managers not elsewhere classified",3,"C121"
"http://data.europa.eu/esco/isco/C215","Electrotechnology engineers","http://data.europa.eu/esco/isco/C2151","Electrical engineers",4,"C215"
"http://data.europa.eu/esco/isco/C215","Electrotechnology engineers","http://data.europa.eu/esco/isco/C2152","Electronics engineers",4,"C215"
"http://data.europa.eu/esco/isco/C215","Electrotechnology engineers","http://data.europa.eu/esco/isco/C2153","Telecommunications engineers",4,"C215"
"http://data.europa.eu/esco/isco/C122","Sales, marketing and development managers","http://data.europa.eu/esco/isco/C1221","Sales and marketing managers",5,"C122"
"http://data.europa.eu/esco/isco/C122","Sales, marketing and development managers","http://data.europa.eu/esco/isco/C1222","Advertising and public relations managers",5,"C122"
"http://data.europa.eu/esco/isco/C122","Sales, marketing and development managers","http://data.europa.eu/esco/isco/C1223","Research and development managers",5,"C122"
"http://data.europa.eu/esco/isco/C131","Production managers in agriculture, forestry and fisheries","http://data.europa.eu/esco/isco/C1311","Agricultural and forestry production managers",6,"C131"
"http://data.europa.eu/esco/isco/C131","Production managers in agriculture, forestry and fisheries","http://data.europa.eu/esco/isco/C1312","Aquaculture and fisheries production managers",6,"C131"
"http://data.europa.eu/esco/isco/C241","Finance professionals","http://data.europa.eu/esco/isco/C2411","Accountants",7,"C241"
"http://data.europa.eu/esco/isco/C241","Finance professionals","http://data.europa.eu/esco/isco/C2412","Financial and investment advisers",7,"C241"
"http://data.europa.eu/esco/isco/C241","Finance professionals","http://data.europa.eu/esco/isco/C2413","Financial analysts",7,"C241"
"http://data.europa.eu/esco/isco/C132","Manufacturing, mining, construction, and distribution managers","http://data.europa.eu/esco/isco/C1321","Manufacturing managers",8,"C132"
"http://data.europa.eu/esco/isco/C132","Manufacturing, mining, construction, and distribution managers","http://data.europa.eu/esco/isco/C1322","Mining managers",8,"C132"
"http://data.europa.eu/esco/isco/C132","Manufacturing, mining, construction, and distribution managers","http://data.europa.eu/esco/isco/C1323","Construction managers",8,"C132"
"http://data.europa.eu/esco/isco/C132","Manufacturing, mining, construction, and distribution managers","http://data.europa.eu/esco/isco/C1324","Supply, distribution and related managers",8,"C132"
"http://data.europa.eu/esco/isco/C262","Librarians, archivists and curators","http://data.europa.eu/esco/isco/C2621","Archivists and curators",9,"C262"
"http://data.europa.eu/esco/isco/C262","Librarians, archivists and curators","http://data.europa.eu/esco/isco/C2622","Librarians and related information professionals",9,"C262"
"http://data.europa.eu/esco/isco/C134","Professional services managers","http://data.europa.eu/esco/isco/C1341","Child care services managers",10,"C134"
"http://data.europa.eu/esco/isco/C134","Professional services managers","http://data.europa.eu/esco/isco/C1342","Health services managers",10,"C134"
"http://data.europa.eu/esco/isco/C134","Professional services managers","http://data.europa.eu/esco/isco/C1343","Aged care services managers",10,"C134"
"http://data.europa.eu/esco/isco/C134","Professional services managers","http://data.europa.eu/esco/isco/C1344","Social welfare managers",10,"C134"
"http://data.europa.eu/esco/isco/C134","Professional services managers","http://data.europa.eu/esco/isco/C1345","Education managers",10,"C134"
"http://data.europa.eu/esco/isco/C134","Professional services managers","http://data.europa.eu/esco/isco/C1346","Financial and insurance services branch managers",10,"C134"
"http://data.europa.eu/esco/isco/C134","Professional services managers","http://data.europa.eu/esco/isco/C1349","Professional services managers not elsewhere classified",10,"C134"
"http://data.europa.eu/esco/isco/C264","Authors, journalists and linguists","http://data.europa.eu/esco/isco/C2641","Authors and related writers",11,"C264"
"http://data.europa.eu/esco/isco/C264","Authors, journalists and linguists","http://data.europa.eu/esco/isco/C2642","Journalists",11,"C264"
"http://data.europa.eu/esco/isco/C264","Authors, journalists and linguists","http://data.europa.eu/esco/isco/C2643","Translators, interpreters and other linguists",11,"C264"
"http://data.europa.eu/esco/isco/C141","Hotel and restaurant managers","http://data.europa.eu/esco/isco/C1411","Hotel managers",12,"C141"
"http://data.europa.eu/esco/isco/C141","Hotel and restaurant managers","http://data.europa.eu/esco/isco/C1412","Restaurant managers",12,"C141"
"http://data.europa.eu/esco/isco/C143","Other services managers","http://data.europa.eu/esco/isco/C1431","Sports, recreation and cultural centre managers",13,"C143"
"http://data.europa.eu/esco/isco/C143","Other services managers","http://data.europa.eu/esco/isco/C1439","Services managers not elsewhere classified",13,"C143"
"http://data.europa.eu/esco/isco/C211","Physical and earth science professionals","http://data.europa.eu/esco/isco/C2111","Physicists and astronomers",14,"C211"
"http://data.europa.eu/esco/isco/C211","Physical and earth science professionals","http://data.europa.eu/esco/isco/C2112","Meteorologists",14,"C211"
"http://data.europa.eu/esco/isco/C211","Physical and earth science professionals","http://data.europa.eu/esco/isco/C2113","Chemists",14,"C211"
"http://data.europa.eu/esco/isco/C211","Physical and earth science professionals","http://data.europa.eu/esco/isco/C2114","Geologists and geophysicists",14,"C211"
"http://data.europa.eu/esco/isco/C214","Engineering professionals (excluding electrotechnology)","http://data.europa.eu/esco/isco/C2141","Industrial and production engineers",15,"C214"
"http://data.europa.eu/esco/isco/C214","Engineering professionals (excluding electrotechnology)","http://data.europa.eu/esco/isco/C2142","Civil engineers",15,"C214"
"http://data.europa.eu/esco/isco/C214","Engineering professionals (excluding electrotechnology)","http://data.europa.eu/esco/isco/C2143","Environmental engineers",15,"C214"
"http://data.europa.eu/esco/isco/C214","Engineering professionals (excluding electrotechnology)","http://data.europa.eu/esco/isco/C2144","Mechanical engineers",15,"C214"
"http://data.europa.eu/esco/isco/C214","Engineering professionals (excluding electrotechnology)","http://data.europa.eu/esco/isco/C2145","Chemical engineers",15,"C214"
"http://data.europa.eu/esco/isco/C214","Engineering professionals (excluding electrotechnology)","http://data.europa.eu/esco/isco/C2146","Mining engineers, metallurgists and related professionals",15,"C214"
"http://data.europa.eu/esco/isco/C214","Engineering professionals (excluding electrotechnology)","http://data.europa.eu/esco/isco/C2149","Engineering professionals not elsewhere classified",15,"C214"
"http://data.europa.eu/esco/isco/C216","Architects, planners, surveyors and designers","http://data.europa.eu/esco/isco/C2161","Building architects",16,"C216"
"http://data.europa.eu/esco/isco/C216","Architects, planners, surveyors and designers","http://data.europa.eu/esco/isco/C2162","Landscape architects",16,"C216"
"http://data.europa.eu/esco/isco/C216","Architects, planners, surveyors and designers","http://data.europa.eu/esco/isco/C2163","Product and garment designers",16,"C216"
"http://data.europa.eu/esco/isco/C216","Architects, planners, surveyors and designers","http://data.europa.eu/esco/isco/C2164","Town and traffic planners",16,"C216"
"http://data.europa.eu/esco/isco/C216","Architects, planners, surveyors and designers","http://data.europa.eu/esco/isco/C2165","Cartographers and surveyors",16,"C216"
"http://data.europa.eu/esco/isco/C216","Architects, planners, surveyors and designers","http://data.europa.eu/esco/isco/C2166","Graphic and multimedia designers",16,"C216"
"http://data.europa.eu/esco/isco/C221","Medical doctors","http://data.europa.eu/esco/isco/C2211","Generalist medical practitioners",17,"C221"
"http://data.europa.eu/esco/isco/C221","Medical doctors","http://data.europa.eu/esco/isco/C2212","Specialist medical practitioners",17,"C221"
"http://data.europa.eu/esco/isco/C421","Tellers, money collectors and related clerks","http://data.europa.eu/esco/isco/C4211","Bank tellers and related clerks",18,"C421"
"http://data.europa.eu/esco/isco/C421","Tellers, money collectors and related clerks","http://data.europa.eu/esco/isco/C4212","Bookmakers, croupiers and related gaming workers",18,"C421"
"http://data.europa.eu/esco/isco/C421","Tellers, money collectors and related clerks","http://data.europa.eu/esco/isco/C4213","Pawnbrokers and money-lenders",18,"C421"
"http://data.europa.eu/esco/isco/C421","Tellers, money collectors and related clerks","http://data.europa.eu/esco/isco/C4214","Debt-collectors and related workers",18,"C421"
"http://data.europa.eu/esco/isco/C222","Nursing and midwifery professionals","http://data.europa.eu/esco/isco/C2221","Nursing professionals",19,"C222"
"http://data.europa.eu/esco/isco/C222","Nursing and midwifery professionals","http://data.europa.eu/esco/isco/C2222","Midwifery professionals",19,"C222"
"http://data.europa.eu/esco/isco/C226","Other health professionals","http://data.europa.eu/esco/isco/C2261","Dentists",20,"C226"
"http://data.europa.eu/esco/isco/C226","Other health professionals","http://data.europa.eu/esco/isco/C2262","Pharmacists",20,"C226"
"http://data.europa.eu/esco/isco/C226","Other health professionals","http://data.europa.eu/esco/isco/C2263","Environmental and occupational health and hygiene professionals",20,"C226"
"http://data.europa.eu/esco/isco/C226","Other health professionals","http://data.europa.eu/esco/isco/C2264","Physiotherapists",20,"C226"
"http://data.europa.eu/esco/isco/C226","Other health professionals","http://data.europa.eu/esco/isco/C2265","Dieticians and nutritionists",20,"C226"
"http://data.europa.eu/esco/isco/C226","Other health professionals","http://data.europa.eu/esco/isco/C2266","Audiologists and speech therapists",20,"C226"
"http://data.europa.eu/esco/isco/C226","Other health professionals","http://data.europa.eu/esco/isco/C2267","Optometrists and ophthalmic opticians",20,"C226"
"http://data.europa.eu/esco/isco/C226","Other health professionals","http://data.europa.eu/esco/isco/C2269","Health professionals not elsewhere classified",20,"C226"
"http://data.europa.eu/esco/isco/C234","Primary school and early childhood teachers","http://data.europa.eu/esco/isco/C2341","Primary school teachers",21,"C234"
"http://data.europa.eu/esco/isco/C234","Primary school and early childhood teachers","http://data.europa.eu/esco/isco/C2342","Early childhood educators",21,"C234"
"http://data.europa.eu/esco/isco/C235","Other teaching professionals","http://data.europa.eu/esco/isco/C2351","Education methods specialists",22,"C235"
"http://data.europa.eu/esco/isco/C235","Other teaching professionals","http://data.europa.eu/esco/isco/C2352","Special needs teachers",22,"C235"
"http://data.europa.eu/esco/isco/C235","Other teaching professionals","http://data.europa.eu/esco/isco/C2353","Other language teachers",22,"C235"
"http://data.europa.eu/esco/isco/C235","Other teaching professionals","http://data.europa.eu/esco/isco/C2354","Other music teachers",22,"C235"
"http://data.europa.eu/esco/isco/C235","Other teaching professionals","http://data.europa.eu/esco/isco/C2355","Other arts teachers",22,"C235"
"http://data.europa.eu/esco/isco/C235","Other teaching professionals","http://data.europa.eu/esco/isco/C2356","Information technology trainers",22,"C235"
"http://data.europa.eu/esco/isco/C235","Other teaching professionals","http://data.europa.eu/esco/isco/C2359","Teaching professionals not elsewhere classified",22,"C235"
"http://data.europa.eu/esco/isco/C242","Administration professionals","http://data.europa.eu/esco/isco/C2421","Management and organisation analysts",23,"C242"
"http://data.europa.eu/esco/isco/C242","Administration professionals","http://data.europa.eu/esco/isco/C2422","Policy administration professionals",23,"C242"
"http://data.europa.eu/esco/isco/C242","Administration professionals","http://data.europa.eu/esco/isco/C2423","Personnel and careers professionals",23,"C242"
"http://data.europa.eu/esco/isco/C242","Administration professionals","http://data.europa.eu/esco/isco/C2424","Training and staff development professionals",23,"C242"
"http://data.europa.eu/esco/isco/C243","Sales, marketing and public relations professionals","http://data.europa.eu/esco/isco/C2431","Advertising and marketing professionals",24,"C243"
"http://data.europa.eu/esco/isco/C243","Sales, marketing and public relations professionals","http://data.europa.eu/esco/isco/C2432","Public relations professionals",24,"C243"
"http://data.europa.eu/esco/isco/C243","Sales, marketing and public relations professionals","http://data.europa.eu/esco/isco/C2433","Technical and medical sales professionals (excluding ICT)",24,"C243"
"http://data.europa.eu/esco/isco/C243","Sales, marketing and public relations professionals","http://data.europa.eu/esco/isco/C2434","Information and communications technology sales professionals",24,"C243"
"http://data.europa.eu/esco/isco/C251","Software and applications developers and analysts","http://data.europa.eu/esco/isco/C2511","Systems analysts",25,"C251"
"http://data.europa.eu/esco/isco/C251","Software and applications developers and analysts","http://data.europa.eu/esco/isco/C2512","Software developers",25,"C251"
"http://data.europa.eu/esco/isco/C251","Software and applications developers and analysts","http://data.europa.eu/esco/isco/C2513","Web and multimedia developers",25,"C251"
"http://data.europa.eu/esco/isco/C251","Software and applications developers and analysts","http://data.europa.eu/esco/isco/C2514","Applications programmers",25,"C251"
"http://data.europa.eu/esco/isco/C251","Software and applications developers and analysts","http://data.europa.eu/esco/isco/C2519","Software and applications developers and analysts not elsewhere classified",25,"C251"
"http://data.europa.eu/esco/isco/C252","Database and network professionals","http://data.europa.eu/esco/isco/C2521","Database designers and administrators",26,"C252"
"http://data.europa.eu/esco/isco/C252","Database and network professionals","http://data.europa.eu/esco/isco/C2522","Systems administrators",26,"C252"
"http://data.europa.eu/esco/isco/C252","Database and network professionals","http://data.europa.eu/esco/isco/C2523","Computer network professionals",26,"C252"
"http://data.europa.eu/esco/isco/C252","Database and network professionals","http://data.europa.eu/esco/isco/C2529","Database and network professionals not elsewhere classified",26,"C252"
"http://data.europa.eu/esco/isco/C261","Legal professionals","http://data.europa.eu/esco/isco/C2611","Lawyers",27,"C261"
"http://data.europa.eu/esco/isco/C261","Legal professionals","http://data.europa.eu/esco/isco/C2612","Judges",27,"C261"
"http://data.europa.eu/esco/isco/C261","Legal professionals","http://data.europa.eu/esco/isco/C2619","Legal professionals not elsewhere classified",27,"C261"
"http://data.europa.eu/esco/isco/C263","Social and religious professionals","http://data.europa.eu/esco/isco/C2631","Economists",28,"C263"
"http://data.europa.eu/esco/isco/C263","Social and religious professionals","http://data.europa.eu/esco/isco/C2632","Sociologists, anthropologists and related professionals",28,"C263"
"http://data.europa.eu/esco/isco/C263","Social and religious professionals","http://data.europa.eu/esco/isco/C2633","Philosophers, historians and political scientists",28,"C263"
"http://data.europa.eu/esco/isco/C263","Social and religious professionals","http://data.europa.eu/esco/isco/C2634","Psychologists",28,"C263"
"http://data.europa.eu/esco/isco/C263","Social and religious professionals","http://data.europa.eu/esco/isco/C2635","Social work and counselling professionals",28,"C263"
"http://data.europa.eu/esco/isco/C263","Social and religious professionals","http://data.europa.eu/esco/isco/C2636","Religious professionals",28,"C263"
"http://data.europa.eu/esco/isco/C265","Creative and performing artists","http://data.europa.eu/esco/isco/C2651","Visual artists",29,"C265"
"http://data.europa.eu/esco/isco/C265","Creative and performing artists","http://data.europa.eu/esco/isco/C2652","Musicians, singers and composers",29,"C265"
"http://data.europa.eu/esco/isco/C265","Creative and performing artists","http://data.europa.eu/esco/isco/C2653","Dancers and choreographers",29,"C265"
"http://data.europa.eu/esco/isco/C265","Creative and performing artists","http://data.europa.eu/esco/isco/C2654","Film, stage and related directors and producers",29,"C265"
"http://data.europa.eu/esco/isco/C265","Creative and performing artists","http://data.europa.eu/esco/isco/C2655","Actors",29,"C265"
"http://data.europa.eu/esco/isco/C265","Creative and performing artists","http://data.europa.eu/esco/isco/C2656","Announcers on radio, television and other media",29,"C265"
"http://data.europa.eu/esco/isco/C265","Creative and performing artists","http://data.europa.eu/esco/isco/C2659","Creative and performing artists not elsewhere classified",29,"C265"
"http://data.europa.eu/esco/isco/C311","Physical and engineering science technicians","http://data.europa.eu/esco/isco/C3111","Chemical and physical science technicians",30,"C311"
"http://data.europa.eu/esco/isco/C311","Physical and engineering science technicians","http://data.europa.eu/esco/isco/C3112","Civil engineering technicians",30,"C311"
"http://data.europa.eu/esco/isco/C311","Physical and engineering science technicians","http://data.europa.eu/esco/isco/C3113","Electrical engineering technicians",30,"C311"
"http://data.europa.eu/esco/isco/C311","Physical and engineering science technicians","http://data.europa.eu/esco/isco/C3114","Electronics engineering technicians",30,"C311"
"http://data.europa.eu/esco/isco/C311","Physical and engineering science technicians","http://data.europa.eu/esco/isco/C3115","Mechanical engineering technicians",30,"C311"
"http://data.europa.eu/esco/isco/C311","Physical and engineering science technicians","http://data.europa.eu/esco/isco/C3116","Chemical engineering technicians",30,"C311"
"http://data.europa.eu/esco/isco/C311","Physical and engineering science technicians","http://data.europa.eu/esco/isco/C3117","Mining and metallurgical technicians",30,"C311"
"http://data.europa.eu/esco/isco/C311","Physical and engineering science technicians","http://data.europa.eu/esco/isco/C3118","Draughtspersons",30,"C311"
"http://data.europa.eu/esco/isco/C311","Physical and engineering science technicians","http://data.europa.eu/esco/isco/C3119","Physical and engineering science technicians not elsewhere classified",30,"C311"
"http://data.europa.eu/esco/isco/C312","Mining, manufacturing and construction supervisors","http://data.europa.eu/esco/isco/C3121","Mining supervisors",31,"C312"
"http://data.europa.eu/esco/isco/C312","Mining, manufacturing and construction supervisors","http://data.europa.eu/esco/isco/C3122","Manufacturing supervisors",31,"C312"
"http://data.europa.eu/esco/isco/C312","Mining, manufacturing and construction supervisors","http://data.europa.eu/esco/isco/C3123","Construction supervisors",31,"C312"
"http://data.europa.eu/esco/isco/C313","Process control technicians","http://data.europa.eu/esco/isco/C3131","Power production plant operators",32,"C313"
"http://data.europa.eu/esco/isco/C313","Process control technicians","http://data.europa.eu/esco/isco/C3132","Incinerator and water treatment plant operators",32,"C313"
"http://data.europa.eu/esco/isco/C313","Process control technicians","http://data.europa.eu/esco/isco/C3133","Chemical processing plant controllers",32,"C313"
"http://data.europa.eu/esco/isco/C313","Process control technicians","http://data.europa.eu/esco/isco/C3134","Petroleum and natural gas refining plant operators",32,"C313"
"http://data.europa.eu/esco/isco/C313","Process control technicians","http://data.europa.eu/esco/isco/C3135","Metal production process controllers",32,"C313"
"http://data.europa.eu/esco/isco/C313","Process control technicians","http://data.europa.eu/esco/isco/C3139","Process control technicians not elsewhere classified",32,"C313"
"http://data.europa.eu/esco/isco/C513","Waiters and bartenders","http://data.europa.eu/esco/isco/C5131","Waiters",33,"C513"
"http://data.europa.eu/esco/isco/C513","Waiters and bartenders","http://data.europa.eu/esco/isco/C5132","Bartenders",33,"C513"
"http://data.europa.eu/esco/isco/C314","Life science technicians and related associate professionals","http://data.europa.eu/esco/isco/C3141","Life science technicians (excluding medical)",34,"C314"
"http://data.europa.eu/esco/isco/C314","Life science technicians and related associate professionals","http://data.europa.eu/esco/isco/C3142","Agricultural technicians",34,"C314"
"http://data.europa.eu/esco/isco/C314","Life science technicians and related associate professionals","http://data.europa.eu/esco/isco/C3143","Forestry technicians",34,"C314"
"http://data.europa.eu/esco/isco/C315","Ship and aircraft controllers and technicians","http://data.europa.eu/esco/isco/C3151","Ships’ engineers",35,"C315"
"http://data.europa.eu/esco/isco/C315","Ship and aircraft controllers and technicians","http://data.europa.eu/esco/isco/C3152","Ships' deck officers and pilots",35,"C315"
"http://data.europa.eu/esco/isco/C315","Ship and aircraft controllers and technicians","http://data.europa.eu/esco/isco/C3153","Aircraft pilots and related associate professionals",35,"C315"
"http://data.europa.eu/esco/isco/C315","Ship and aircraft controllers and technicians","http://data.europa.eu/esco/isco/C3154","Air traffic controllers",35,"C315"
"http://data.europa.eu/esco/isco/C315","Ship and aircraft controllers and technicians","http://data.europa.eu/esco/isco/C3155","Air traffic safety electronics technicians",35,"C315"
"http://data.europa.eu/esco/isco/C341","Legal, social and religious associate professionals","http://data.europa.eu/esco/isco/C3411","Legal and related associate professionals",36,"C341"
"http://data.europa.eu/esco/isco/C341","Legal, social and religious associate professionals","http://data.europa.eu/esco/isco/C3412","Social work associate professionals",36,"C341"
"http://data.europa.eu/esco/isco/C341","Legal, social and religious associate professionals","http://data.europa.eu/esco/isco/C3413","Religious associate professionals",36,"C341"
"http://data.europa.eu/esco/isco/C321","Medical and pharmaceutical technicians","http://data.europa.eu/esco/isco/C3211","Medical imaging and therapeutic equipment technicians",37,"C321"
"http://data.europa.eu/esco/isco/C321","Medical and pharmaceutical technicians","http://data.europa.eu/esco/isco/C3212","Medical and pathology laboratory technicians",37,"C321"
"http://data.europa.eu/esco/isco/C321","Medical and pharmaceutical technicians","http://data.europa.eu/esco/isco/C3213","Pharmaceutical technicians and assistants",37,"C321"
"http://data.europa.eu/esco/isco/C321","Medical and pharmaceutical technicians","http://data.europa.eu/esco/isco/C3214","Medical and dental prosthetic technicians",37,"C321"
"http://data.europa.eu/esco/isco/C322","Nursing and midwifery associate professionals","http://data.europa.eu/esco/isco/C3221","Nursing associate professionals",38,"C322"
"http://data.europa.eu/esco/isco/C322","Nursing and midwifery associate professionals","http://data.europa.eu/esco/isco/C3222","Midwifery associate professionals",38,"C322"
"http://data.europa.eu/esco/isco/C325","Other health associate professionals","http://data.europa.eu/esco/isco/C3251","Dental assistants and therapists",39,"C325"
"http://data.europa.eu/esco/isco/C325","Other health associate professionals","http://data.europa.eu/esco/isco/C3252","Medical records and health information technicians",39,"C325"
"http://data.europa.eu/esco/isco/C325","Other health associate professionals","http://data.europa.eu/esco/isco/C3253","Community health workers",39,"C325"
"http://data.europa.eu/esco/isco/C325","Other health associate professionals","http://data.europa.eu/esco/isco/C3254","Dispensing opticians",39,"C325"
"http://data.europa.eu/esco/isco/C325","Other health associate professionals","http://data.europa.eu/esco/isco/C3255","Physiotherapy technicians and assistants",39,"C325"
"http://data.europa.eu/esco/isco/C325","Other health associate professionals","http://data.europa.eu/esco/isco/C3256","Medical assistants",39,"C325"
"http://data.europa.eu/esco/isco/C325","Other health associate professionals","http://data.europa.eu/esco/isco/C3257","Environmental and occupational health inspectors and associates",39,"C325"
"http://data.europa.eu/esco/isco/C325","Other health associate professionals","http://data.europa.eu/esco/isco/C3258","Ambulance workers",39,"C325"
"http://data.europa.eu/esco/isco/C325","Other health associate professionals","http://data.europa.eu/esco/isco/C3259","Health associate professionals not elsewhere classified",39,"C325"
"http://data.europa.eu/esco/isco/C331","Financial and mathematical associate professionals","http://data.europa.eu/esco/isco/C3311","Securities and finance dealers and brokers",40,"C331"
"http://data.europa.eu/esco/isco/C331","Financial and mathematical associate professionals","http://data.europa.eu/esco/isco/C3312","Credit and loans officers",40,"C331"
"http://data.europa.eu/esco/isco/C331","Financial and mathematical associate professionals","http://data.europa.eu/esco/isco/C3313","Accounting associate professionals",40,"C331"
"http://data.europa.eu/esco/isco/C331","Financial and mathematical associate professionals","http://data.europa.eu/esco/isco/C3314","Statistical, mathematical and related associate professionals",40,"C331"
"http://data.europa.eu/esco/isco/C331","Financial and mathematical associate professionals","http://data.europa.eu/esco/isco/C3315","Valuers and loss assessors",40,"C331"
"http://data.europa.eu/esco/isco/C515","Building and housekeeping supervisors","http://data.europa.eu/esco/isco/C5151","Cleaning and housekeeping supervisors in offices, hotels and other establishments",41,"C515"
"http://data.europa.eu/esco/isco/C515","Building and housekeeping supervisors","http://data.europa.eu/esco/isco/C5152","Domestic housekeepers",41,"C515"
"http://data.europa.eu/esco/isco/C515","Building and housekeeping supervisors","http://data.europa.eu/esco/isco/C5153","Building caretakers",41,"C515"
"http://data.europa.eu/esco/isco/C332","Sales and purchasing agents and brokers","http://data.europa.eu/esco/isco/C3321","Insurance representatives",42,"C332"
"http://data.europa.eu/esco/isco/C332","Sales and purchasing agents and brokers","http://data.europa.eu/esco/isco/C3322","Commercial sales representatives",42,"C332"
"http://data.europa.eu/esco/isco/C332","Sales and purchasing agents and brokers","http://data.europa.eu/esco/isco/C3323","Buyers",42,"C332"
"http://data.europa.eu/esco/isco/C332","Sales and purchasing agents and brokers","http://data.europa.eu/esco/isco/C3324","Trade brokers",42,"C332"
"http://data.europa.eu/esco/isco/C333","Business services agents","http://data.europa.eu/esco/isco/C3331","Clearing and forwarding agents",43,"C333"
"http://data.europa.eu/esco/isco/C333","Business services agents","http://data.europa.eu/esco/isco/C3332","Conference and event planners",43,"C333"
"http://data.europa.eu/esco/isco/C333","Business services agents","http://data.europa.eu/esco/isco/C3333","Employment agents and contractors",43,"C333"
"http://data.europa.eu/esco/isco/C333","Business services agents","http://data.europa.eu/esco/isco/C3334","Real estate agents and property managers",43,"C333"
"http://data.europa.eu/esco/isco/C333","Business services agents","http://data.europa.eu/esco/isco/C3339","Business services agents not elsewhere classified",43,"C333"
"http://data.europa.eu/esco/isco/C334","Administrative and specialised secretaries","http://data.europa.eu/esco/isco/C3341","Office supervisors",44,"C334"
"http://data.europa.eu/esco/isco/C334","Administrative and specialised secretaries","http://data.europa.eu/esco/isco/C3342","Legal secretaries",44,"C334"
"http://data.europa.eu/esco/isco/C334","Administrative and specialised secretaries","http://data.europa.eu/esco/isco/C3343","Administrative and executive secretaries",44,"C334"
"http://data.europa.eu/esco/isco/C334","Administrative and specialised secretaries","http://data.europa.eu/esco/isco/C3344","Medical secretaries",44,"C334"
"http://data.europa.eu/esco/isco/C531","Child care workers and teachers’ aides","http://data.europa.eu/esco/isco/C5311","Child care workers",45,"C531"
"http://data.europa.eu/esco/isco/C531","Child care workers and teachers’ aides","http://data.europa.eu/esco/isco/C5312","Teachers’ aides",45,"C531"
"http://data.europa.eu/esco/isco/C335","Regulatory government associate professionals","http://data.europa.eu/esco/isco/C3351","Customs and border inspectors",46,"C335"
"http://data.europa.eu/esco/isco/C335","Regulatory government associate professionals","http://data.europa.eu/esco/isco/C3352","Government tax and excise officials",46,"C335"
"http://data.europa.eu/esco/isco/C335","Regulatory government associate professionals","http://data.europa.eu/esco/isco/C3353","Government social benefits officials",46,"C335"
"http://data.europa.eu/esco/isco/C335","Regulatory government associate professionals","http://data.europa.eu/esco/isco/C3354","Government licensing officials",46,"C335"
"http://data.europa.eu/esco/isco/C335","Regulatory government associate professionals","http://data.europa.eu/esco/isco/C3355","Police inspectors and detectives",46,"C335"
"http://data.europa.eu/esco/isco/C335","Regulatory government associate professionals","http://data.europa.eu/esco/isco/C3359","Regulatory government associate professionals not elsewhere classified",46,"C335"
"http://data.europa.eu/esco/isco/C961","Refuse workers","http://data.europa.eu/esco/isco/C9611","Garbage and recycling collectors",47,"C961"
"http://data.europa.eu/esco/isco/C961","Refuse workers","http://data.europa.eu/esco/isco/C9612","Refuse sorters",47,"C961"
"http://data.europa.eu/esco/isco/C961","Refuse workers","http://data.europa.eu/esco/isco/C9613","Sweepers and related labourers",47,"C961"
"http://data.europa.eu/esco/isco/C342","Sports and fitness workers","http://data.europa.eu/esco/isco/C3421","Athletes and sports players",48,"C342"
"http://data.europa.eu/esco/isco/C342","Sports and fitness workers","http://data.europa.eu/esco/isco/C3422","Sports coaches, instructors and officials",48,"C342"
"http://data.europa.eu/esco/isco/C342","Sports and fitness workers","http://data.europa.eu/esco/isco/C3423","Fitness and recreation instructors and program leaders",48,"C342"
"http://data.europa.eu/esco/isco/C343","Artistic, cultural and culinary associate professionals","http://data.europa.eu/esco/isco/C3431","Photographers",49,"C343"
"http://data.europa.eu/esco/isco/C343","Artistic, cultural and culinary associate professionals","http://data.europa.eu/esco/isco/C3432","Interior designers and decorators",49,"C343"
"http://data.europa.eu/esco/isco/C343","Artistic, cultural and culinary associate professionals","http://data.europa.eu/esco/isco/C3433","Gallery, museum and library technicians",49,"C343"
"http://data.europa.eu/esco/isco/C343","Artistic, cultural and culinary associate professionals","http://data.europa.eu/esco/isco/C3434","Chefs",49,"C343"
"http://data.europa.eu/esco/isco/C343","Artistic, cultural and culinary associate professionals","http://data.europa.eu/esco/isco/C3435","Other artistic and cultural associate professionals",49,"C343"
"http://data.europa.eu/esco/isco/C351","Information and communications technology operations and user support technicians","http://data.europa.eu/esco/isco/C3511","Information and communications technology operations technicians",50,"C351"
"http://data.europa.eu/esco/isco/C351","Information and communications technology operations and user support technicians","http://data.europa.eu/esco/isco/C3512","Information and communications technology user support technicians",50,"C351"
"http://data.europa.eu/esco/isco/C351","Information and communications technology operations and user support technicians","http://data.europa.eu/esco/isco/C3513","Computer network and systems technicians",50,"C351"
"http://data.europa.eu/esco/isco/C351","Information and communications technology operations and user support technicians","http://data.europa.eu/esco/isco/C3514","Web technicians",50,"C351"
"http://data.europa.eu/esco/isco/C352","Telecommunications and broadcasting technicians","http://data.europa.eu/esco/isco/C3521","Broadcasting and audiovisual technicians",51,"C352"
"http://data.europa.eu/esco/isco/C352","Telecommunications and broadcasting technicians","http://data.europa.eu/esco/isco/C3522","Telecommunications engineering technicians",51,"C352"
"http://data.europa.eu/esco/isco/C413","Keyboard operators","http://data.europa.eu/esco/isco/C4131","Typists and word processing operators",52,"C413"
"http://data.europa.eu/esco/isco/C413","Keyboard operators","http://data.europa.eu/esco/isco/C4132","Data entry clerks",52,"C413"
"http://data.europa.eu/esco/isco/C422","Client information workers","http://data.europa.eu/esco/isco/C4221","Travel consultants and clerks",53,"C422"
"http://data.europa.eu/esco/isco/C422","Client information workers","http://data.europa.eu/esco/isco/C4222","Contact centre information clerks",53,"C422"
"http://data.europa.eu/esco/isco/C422","Client information workers","http://data.europa.eu/esco/isco/C4223","Telephone switchboard operators",53,"C422"
"http://data.europa.eu/esco/isco/C422","Client information workers","http://data.europa.eu/esco/isco/C4224","Hotel receptionists",53,"C422"
"http://data.europa.eu/esco/isco/C422","Client information workers","http://data.europa.eu/esco/isco/C4225","Enquiry clerks",53,"C422"
"http://data.europa.eu/esco/isco/C422","Client information workers","http://data.europa.eu/esco/isco/C4226","Receptionists (general)",53,"C422"
"http://data.europa.eu/esco/isco/C422","Client information workers","http://data.europa.eu/esco/isco/C4227","Survey and market research interviewers",53,"C422"
"http://data.europa.eu/esco/isco/C422","Client information workers","http://data.europa.eu/esco/isco/C4229","Client information workers not elsewhere classified",53,"C422"
"http://data.europa.eu/esco/isco/C431","Numerical clerks","http://data.europa.eu/esco/isco/C4311","Accounting and bookkeeping clerks",54,"C431"
"http://data.europa.eu/esco/isco/C431","Numerical clerks","http://data.europa.eu/esco/isco/C4312","Statistical, finance and insurance clerks",54,"C431"
"http://data.europa.eu/esco/isco/C431","Numerical clerks","http://data.europa.eu/esco/isco/C4313","Payroll clerks",54,"C431"
"http://data.europa.eu/esco/isco/C432","Material-recording and transport clerks","http://data.europa.eu/esco/isco/C4321","Stock clerks",55,"C432"
"http://data.europa.eu/esco/isco/C432","Material-recording and transport clerks","http://data.europa.eu/esco/isco/C4322","Production clerks",55,"C432"
"http://data.europa.eu/esco/isco/C432","Material-recording and transport clerks","http://data.europa.eu/esco/isco/C4323","Transport clerks",55,"C432"
"http://data.europa.eu/esco/isco/C441","Other clerical support workers","http://data.europa.eu/esco/isco/C4411","Library clerks",56,"C441"
"http://data.europa.eu/esco/isco/C441","Other clerical support workers","http://data.europa.eu/esco/isco/C4412","Mail carriers and sorting clerks",56,"C441"
"http://data.europa.eu/esco/isco/C441","Other clerical support workers","http://data.europa.eu/esco/isco/C4413","Coding, proof-reading and related clerks",56,"C441"
"http://data.europa.eu/esco/isco/C441","Other clerical support workers","http://data.europa.eu/esco/isco/C4414","Scribes and related workers",56,"C441"
"http://data.europa.eu/esco/isco/C441","Other clerical support workers","http://data.europa.eu/esco/isco/C4415","Filing and copying clerks",56,"C441"
"http://data.europa.eu/esco/isco/C441","Other clerical support workers","http://data.europa.eu/esco/isco/C4416","Personnel clerks",56,"C441"
"http://data.europa.eu/esco/isco/C441","Other clerical support workers","http://data.europa.eu/esco/isco/C4419","Clerical support workers not elsewhere classified",56,"C441"
"http://data.europa.eu/esco/isco/C911","Domestic, hotel and office cleaners and helpers","http://data.europa.eu/esco/isco/C9111","Domestic cleaners and helpers",57,"C911"
"http://data.europa.eu/esco/isco/C911","Domestic, hotel and office cleaners and helpers","http://data.europa.eu/esco/isco/C9112","Cleaners and helpers in offices, hotels and other establishments",57,"C911"
"http://data.europa.eu/esco/isco/C511","Travel attendants, conductors and guides","http://data.europa.eu/esco/isco/C5111","Travel attendants and travel stewards",58,"C511"
"http://data.europa.eu/esco/isco/C511","Travel attendants, conductors and guides","http://data.europa.eu/esco/isco/C5112","Transport conductors",58,"C511"
"http://data.europa.eu/esco/isco/C511","Travel attendants, conductors and guides","http://data.europa.eu/esco/isco/C5113","Travel guides",58,"C511"
"http://data.europa.eu/esco/isco/C514","Hairdressers, beauticians and related workers","http://data.europa.eu/esco/isco/C5141","Hairdressers",59,"C514"
"http://data.europa.eu/esco/isco/C514","Hairdressers, beauticians and related workers","http://data.europa.eu/esco/isco/C5142","Beauticians and related workers",59,"C514"
"http://data.europa.eu/esco/isco/C516","Other personal services workers","http://data.europa.eu/esco/isco/C5161","Astrologers, fortune-tellers and related workers",60,"C516"
"http://data.europa.eu/esco/isco/C516","Other personal services workers","http://data.europa.eu/esco/isco/C5162","Companions and valets",60,"C516"
"http://data.europa.eu/esco/isco/C516","Other personal services workers","http://data.europa.eu/esco/isco/C5163","Undertakers and embalmers",60,"C516"
"http://data.europa.eu/esco/isco/C516","Other personal services workers","http://data.europa.eu/esco/isco/C5164","Pet groomers and animal care workers",60,"C516"
"http://data.europa.eu/esco/isco/C516","Other personal services workers","http://data.europa.eu/esco/isco/C5165","Driving instructors",60,"C516"
"http://data.europa.eu/esco/isco/C516","Other personal services workers","http://data.europa.eu/esco/isco/C5169","Personal services workers not elsewhere classified",60,"C516"
"http://data.europa.eu/esco/isco/C521","Street and market salespersons","http://data.europa.eu/esco/isco/C5211","Stall and market salespersons",61,"C521"
"http://data.europa.eu/esco/isco/C521","Street and market salespersons","http://data.europa.eu/esco/isco/C5212","Street food salespersons",61,"C521"
"http://data.europa.eu/esco/isco/C522","Shop salespersons","http://data.europa.eu/esco/isco/C5221","Shop keepers",62,"C522"
"http://data.europa.eu/esco/isco/C522","Shop salespersons","http://data.europa.eu/esco/isco/C5222","Shop supervisors",62,"C522"
"http://data.europa.eu/esco/isco/C522","Shop salespersons","http://data.europa.eu/esco/isco/C5223","Shop sales assistants",62,"C522"
"http://data.europa.eu/esco/isco/C931","Mining and construction labourers","http://data.europa.eu/esco/isco/C9311","Mining and quarrying labourers",63,"C931"
"http://data.europa.eu/esco/isco/C931","Mining and construction labourers","http://data.europa.eu/esco/isco/C9312","Civil engineering labourers",63,"C931"
"http://data.europa.eu/esco/isco/C931","Mining and construction labourers","http://data.europa.eu/esco/isco/C9313","Building construction labourers",63,"C931"
"http://data.europa.eu/esco/isco/C524","Other sales workers","http://data.europa.eu/esco/isco/C5241","Fashion and other models",64,"C524"
"http://data.europa.eu/esco/isco/C524","Other sales workers","http://data.europa.eu/esco/isco/C5242","Sales demonstrators",64,"C524"
"http://data.europa.eu/esco/isco/C524","Other sales workers","http://data.europa.eu/esco/isco/C5243","Door to door salespersons",64,"C524"
"http://data.europa.eu/esco/isco/C524","Other sales workers","http://data.europa.eu/esco/isco/C5244","Contact centre salespersons",64,"C524"
"http://data.europa.eu/esco/isco/C524","Other sales workers","http://data.europa.eu/esco/isco/C5245","Service station attendants",64,"C524"
"http://data.europa.eu/esco/isco/C524","Other sales workers","http://data.europa.eu/esco/isco/C5246","Food service counter attendants",64,"C524"
"http://data.europa.eu/esco/isco/C524","Other sales workers","http://data.europa.eu/esco/isco/C5249","Sales workers not elsewhere classified",64,"C524"
"http://data.europa.eu/esco/isco/C532","Personal care workers in health services","http://data.europa.eu/esco/isco/C5321","Health care assistants",65,"C532"
"http://data.europa.eu/esco/isco/C532","Personal care workers in health services","http://data.europa.eu/esco/isco/C5322","Home-based personal care workers",65,"C532"
"http://data.europa.eu/esco/isco/C532","Personal care workers in health services","http://data.europa.eu/esco/isco/C5329","Personal care workers in health services not elsewhere classified",65,"C532"
"http://data.europa.eu/esco/isco/C541","Protective services workers","http://data.europa.eu/esco/isco/C5411","Fire-fighters",66,"C541"
"http://data.europa.eu/esco/isco/C541","Protective services workers","http://data.europa.eu/esco/isco/C5412","Police officers",66,"C541"
"http://data.europa.eu/esco/isco/C541","Protective services workers","http://data.europa.eu/esco/isco/C5413","Prison guards",66,"C541"
"http://data.europa.eu/esco/isco/C541","Protective services workers","http://data.europa.eu/esco/isco/C5414","Security guards",66,"C541"
"http://data.europa.eu/esco/isco/C541","Protective services workers","http://data.europa.eu/esco/isco/C5419","Protective services workers not elsewhere classified",66,"C541"
"http://data.europa.eu/esco/isco/C611","Market gardeners and crop growers","http://data.europa.eu/esco/isco/C6111","Field crop and vegetable growers",67,"C611"
"http://data.europa.eu/esco/isco/C611","Market gardeners and crop growers","http://data.europa.eu/esco/isco/C6112","Tree and shrub crop growers",67,"C611"
"http://data.europa.eu/esco/isco/C611","Market gardeners and crop growers","http://data.europa.eu/esco/isco/C6113","Gardeners, horticultural and nursery growers",67,"C611"
"http://data.europa.eu/esco/isco/C611","Market gardeners and crop growers","http://data.europa.eu/esco/isco/C6114","Mixed crop growers",67,"C611"
"http://data.europa.eu/esco/isco/C612","Animal producers","http://data.europa.eu/esco/isco/C6121","Livestock and dairy producers",68,"C612"
"http://data.europa.eu/esco/isco/C612","Animal producers","http://data.europa.eu/esco/isco/C6122","Poultry producers",68,"C612"
"http://data.europa.eu/esco/isco/C612","Animal producers","http://data.europa.eu/esco/isco/C6123","Apiarists and sericulturists",68,"C612"
"http://data.europa.eu/esco/isco/C612","Animal producers","http://data.europa.eu/esco/isco/C6129","Animal producers not elsewhere classified",68,"C612"
"http://data.europa.eu/esco/isco/C622","Fishery workers, hunters and trappers","http://data.europa.eu/esco/isco/C6221","Aquaculture workers",69,"C622"
"http://data.europa.eu/esco/isco/C622","Fishery workers, hunters and trappers","http://data.europa.eu/esco/isco/C6222","Inland and coastal waters fishery workers",69,"C622"
"http://data.europa.eu/esco/isco/C622","Fishery workers, hunters and trappers","http://data.europa.eu/esco/isco/C6223","Deep-sea fishery workers",69,"C622"
"http://data.europa.eu/esco/isco/C622","Fishery workers, hunters and trappers","http://data.europa.eu/esco/isco/C6224","Hunters and trappers",69,"C622"
"http://data.europa.eu/esco/isco/C933","Transport and storage labourers","http://data.europa.eu/esco/isco/C9331","Hand and pedal vehicle drivers",70,"C933"
"http://data.europa.eu/esco/isco/C933","Transport and storage labourers","http://data.europa.eu/esco/isco/C9332","Drivers of animal-drawn vehicles and machinery",70,"C933"
"http://data.europa.eu/esco/isco/C933","Transport and storage labourers","http://data.europa.eu/esco/isco/C9333","Freight handlers",70,"C933"
"http://data.europa.eu/esco/isco/C933","Transport and storage labourers","http://data.europa.eu/esco/isco/C9334","Shelf fillers",70,"C933"
"http://data.europa.eu/esco/isco/C711","Building frame and related trades workers","http://data.europa.eu/esco/isco/C7111","House builders",71,"C711"
"http://data.europa.eu/esco/isco/C711","Building frame and related trades workers","http://data.europa.eu/esco/isco/C7112","Bricklayers and related workers",71,"C711"
"http://data.europa.eu/esco/isco/C711","Building frame and related trades workers","http://data.europa.eu/esco/isco/C7113","Stonemasons, stone cutters, splitters and carvers",71,"C711"
"http://data.europa.eu/esco/isco/C711","Building frame and related trades workers","http://data.europa.eu/esco/isco/C7114","Concrete placers, concrete finishers and related workers",71,"C711"
"http://data.europa.eu/esco/isco/C711","Building frame and related trades workers","http://data.europa.eu/esco/isco/C7115","Carpenters and joiners",71,"C711"
"http://data.europa.eu/esco/isco/C711","Building frame and related trades workers","http://data.europa.eu/esco/isco/C7119","Building frame and related trades workers not elsewhere classified",71,"C711"
"http://data.europa.eu/esco/isco/C712","Building finishers and related trades workers","http://data.europa.eu/esco/isco/C7121","Roofers",72,"C712"
"http://data.europa.eu/esco/isco/C712","Building finishers and related trades workers","http://data.europa.eu/esco/isco/C7122","Floor layers and tile setters",72,"C712"
"http://data.europa.eu/esco/isco/C712","Building finishers and related trades workers","http://data.europa.eu/esco/isco/C7123","Plasterers",72,"C712"
"http://data.europa.eu/esco/isco/C712","Building finishers and related trades workers","http://data.europa.eu/esco/isco/C7124","Insulation workers",72,"C712"
"http://data.europa.eu/esco/isco/C712","Building finishers and related trades workers","http://data.europa.eu/esco/isco/C7125","Glaziers",72,"C712"
"http://data.europa.eu/esco/isco/C712","Building finishers and related trades workers","http://data.europa.eu/esco/isco/C7126","Plumbers and pipe fitters",72,"C712"
"http://data.europa.eu/esco/isco/C712","Building finishers and related trades workers","http://data.europa.eu/esco/isco/C7127","Air conditioning and refrigeration mechanics",72,"C712"
"http://data.europa.eu/esco/isco/C713","Painters, building structure cleaners and related trades workers","http://data.europa.eu/esco/isco/C7131","Painters and related workers",73,"C713"
"http://data.europa.eu/esco/isco/C713","Painters, building structure cleaners and related trades workers","http://data.europa.eu/esco/isco/C7132","Spray painters and varnishers",73,"C713"
"http://data.europa.eu/esco/isco/C713","Painters, building structure cleaners and related trades workers","http://data.europa.eu/esco/isco/C7133","Building structure cleaners",73,"C713"
"http://data.europa.eu/esco/isco/C721","Sheet and structural metal workers, moulders and welders, and related workers","http://data.europa.eu/esco/isco/C7211","Metal moulders and coremakers",74,"C721"
"http://data.europa.eu/esco/isco/C721","Sheet and structural metal workers, moulders and welders, and related workers","http://data.europa.eu/esco/isco/C7212","Welders and flamecutters",74,"C721"
"http://data.europa.eu/esco/isco/C721","Sheet and structural metal workers, moulders and welders, and related workers","http://data.europa.eu/esco/isco/C7213","Sheet-metal workers",74,"C721"
"http://data.europa.eu/esco/isco/C721","Sheet and structural metal workers, moulders and welders, and related workers","http://data.europa.eu/esco/isco/C7214","Structural-metal preparers and erectors",74,"C721"
"http://data.europa.eu/esco/isco/C721","Sheet and structural metal workers, moulders and welders, and related workers","http://data.europa.eu/esco/isco/C7215","Riggers and cable splicers",74,"C721"
"http://data.europa.eu/esco/isco/C722","Blacksmiths, toolmakers and related trades workers","http://data.europa.eu/esco/isco/C7221","Blacksmiths, hammersmiths and forging press workers",75,"C722"
"http://data.europa.eu/esco/isco/C722","Blacksmiths, toolmakers and related trades workers","http://data.europa.eu/esco/isco/C7222","Toolmakers and related workers",75,"C722"
"http://data.europa.eu/esco/isco/C722","Blacksmiths, toolmakers and related trades workers","http://data.europa.eu/esco/isco/C7223","Metal working machine tool setters and operators",75,"C722"
"http://data.europa.eu/esco/isco/C722","Blacksmiths, toolmakers and related trades workers","http://data.europa.eu/esco/isco/C7224","Metal polishers, wheel grinders and tool sharpeners",75,"C722"
"http://data.europa.eu/esco/isco/C723","Machinery mechanics and repairers","http://data.europa.eu/esco/isco/C7231","Motor vehicle mechanics and repairers",76,"C723"
"http://data.europa.eu/esco/isco/C723","Machinery mechanics and repairers","http://data.europa.eu/esco/isco/C7232","Aircraft engine mechanics and repairers",76,"C723"
"http://data.europa.eu/esco/isco/C723","Machinery mechanics and repairers","http://data.europa.eu/esco/isco/C7233","Agricultural and industrial machinery mechanics and repairers",76,"C723"
"http://data.europa.eu/esco/isco/C723","Machinery mechanics and repairers","http://data.europa.eu/esco/isco/C7234","Bicycle and related repairers",76,"C723"
"http://data.europa.eu/esco/isco/C731","Handicraft workers","http://data.europa.eu/esco/isco/C7311","Precision-instrument makers and repairers",77,"C731"
"http://data.europa.eu/esco/isco/C731","Handicraft workers","http://data.europa.eu/esco/isco/C7312","Musical instrument makers and tuners",77,"C731"
"http://data.europa.eu/esco/isco/C731","Handicraft workers","http://data.europa.eu/esco/isco/C7313","Jewellery and precious-metal workers",77,"C731"
"http://data.europa.eu/esco/isco/C731","Handicraft workers","http://data.europa.eu/esco/isco/C7314","Potters and related workers",77,"C731"
"http://data.europa.eu/esco/isco/C731","Handicraft workers","http://data.europa.eu/esco/isco/C7315","Glass makers, cutters, grinders and finishers",77,"C731"
"http://data.europa.eu/esco/isco/C731","Handicraft workers","http://data.europa.eu/esco/isco/C7316","Sign writers, decorative painters, engravers and etchers",77,"C731"
"http://data.europa.eu/esco/isco/C731","Handicraft workers","http://data.europa.eu/esco/isco/C7317","Handicraft workers in wood, basketry and related materials",77,"C731"
"http://data.europa.eu/esco/isco/C731","Handicraft workers","http://data.europa.eu/esco/isco/C7318","Handicraft workers in textile, leather and related materials",77,"C731"
"http://data.europa.eu/esco/isco/C731","Handicraft workers","http://data.europa.eu/esco/isco/C7319","Handicraft workers not elsewhere classified",77,"C731"
"http://data.europa.eu/esco/isco/C732","Printing trades workers","http://data.europa.eu/esco/isco/C7321","Pre-press technicians",78,"C732"
"http://data.europa.eu/esco/isco/C732","Printing trades workers","http://data.europa.eu/esco/isco/C7322","Printers",78,"C732"
"http://data.europa.eu/esco/isco/C732","Printing trades workers","http://data.europa.eu/esco/isco/C7323","Print finishing and binding workers",78,"C732"
"http://data.europa.eu/esco/isco/C741","Electrical equipment installers and repairers","http://data.europa.eu/esco/isco/C7411","Building and related electricians",79,"C741"
"http://data.europa.eu/esco/isco/C741","Electrical equipment installers and repairers","http://data.europa.eu/esco/isco/C7412","Electrical mechanics and fitters",79,"C741"
"http://data.europa.eu/esco/isco/C741","Electrical equipment installers and repairers","http://data.europa.eu/esco/isco/C7413","Electrical line installers and repairers",79,"C741"
"http://data.europa.eu/esco/isco/C742","Electronics and telecommunications installers and repairers","http://data.europa.eu/esco/isco/C7421","Electronics mechanics and servicers",80,"C742"
"http://data.europa.eu/esco/isco/C742","Electronics and telecommunications installers and repairers","http://data.europa.eu/esco/isco/C7422","Information and communications technology installers and servicers",80,"C742"
"http://data.europa.eu/esco/isco/C751","Food processing and related trades workers","http://data.europa.eu/esco/isco/C7511","Butchers, fishmongers and related food preparers",81,"C751"
"http://data.europa.eu/esco/isco/C751","Food processing and related trades workers","http://data.europa.eu/esco/isco/C7512","Bakers, pastry-cooks and confectionery makers",81,"C751"
"http://data.europa.eu/esco/isco/C751","Food processing and related trades workers","http://data.europa.eu/esco/isco/C7513","Dairy-products makers",81,"C751"
"http://data.europa.eu/esco/isco/C751","Food processing and related trades workers","http://data.europa.eu/esco/isco/C7514","Fruit, vegetable and related preservers",81,"C751"
"http://data.europa.eu/esco/isco/C751","Food processing and related trades workers","http://data.europa.eu/esco/isco/C7515","Food and beverage tasters and graders",81,"C751"
"http://data.europa.eu/esco/isco/C751","Food processing and related trades workers","http://data.europa.eu/esco/isco/C7516","Tobacco preparers and tobacco products makers",81,"C751"
"http://data.europa.eu/esco/isco/C752","Wood treaters, cabinet-makers and related trades workers","http://data.europa.eu/esco/isco/C7521","Wood treaters",82,"C752"
"http://data.europa.eu/esco/isco/C752","Wood treaters, cabinet-makers and related trades workers","http://data.europa.eu/esco/isco/C7522","Cabinet-makers and related workers",82,"C752"
"http://data.europa.eu/esco/isco/C752","Wood treaters, cabinet-makers and related trades workers","http://data.europa.eu/esco/isco/C7523","Woodworking-machine tool setters and operators",82,"C752"
"http://data.europa.eu/esco/isco/C753","Garment and related trades workers","http://data.europa.eu/esco/isco/C7531","Tailors, dressmakers, furriers and hatters",83,"C753"
"http://data.europa.eu/esco/isco/C753","Garment and related trades workers","http://data.europa.eu/esco/isco/C7532","Garment and related pattern-makers and cutters",83,"C753"
"http://data.europa.eu/esco/isco/C753","Garment and related trades workers","http://data.europa.eu/esco/isco/C7533","Sewing, embroidery and related workers",83,"C753"
"http://data.europa.eu/esco/isco/C753","Garment and related trades workers","http://data.europa.eu/esco/isco/C7534","Upholsterers and related workers",83,"C753"
"http://data.europa.eu/esco/isco/C753","Garment and related trades workers","http://data.europa.eu/esco/isco/C7535","Pelt dressers, tanners and fellmongers",83,"C753"
"http://data.europa.eu/esco/isco/C753","Garment and related trades workers","http://data.europa.eu/esco/isco/C7536","Shoemakers and related workers",83,"C753"
"http://data.europa.eu/esco/isco/C754","Other craft and related workers","http://data.europa.eu/esco/isco/C7541","Underwater divers",84,"C754"
"http://data.europa.eu/esco/isco/C754","Other craft and related workers","http://data.europa.eu/esco/isco/C7542","Shotfirers and blasters",84,"C754"
"http://data.europa.eu/esco/isco/C754","Other craft and related workers","http://data.europa.eu/esco/isco/C7543","Product graders and testers (excluding foods and beverages)",84,"C754"
"http://data.europa.eu/esco/isco/C754","Other craft and related workers","http://data.europa.eu/esco/isco/C7544","Fumigators and other pest and weed controllers",84,"C754"
"http://data.europa.eu/esco/isco/C754","Other craft and related workers","http://data.europa.eu/esco/isco/C7549","Craft and related workers not elsewhere classified",84,"C754"
"http://data.europa.eu/esco/isco/C811","Mining and mineral processing plant operators","http://data.europa.eu/esco/isco/C8111","Miners and quarriers",85,"C811"
"http://data.europa.eu/esco/isco/C811","Mining and mineral processing plant operators","http://data.europa.eu/esco/isco/C8112","Mineral and stone processing plant operators",85,"C811"
"http://data.europa.eu/esco/isco/C811","Mining and mineral processing plant operators","http://data.europa.eu/esco/isco/C8113","Well drillers and borers and related workers",85,"C811"
"http://data.europa.eu/esco/isco/C811","Mining and mineral processing plant operators","http://data.europa.eu/esco/isco/C8114","Cement, stone and other mineral products machine operators",85,"C811"
"http://data.europa.eu/esco/isco/C812","Metal processing and finishing plant operators","http://data.europa.eu/esco/isco/C8121","Metal processing plant operators",86,"C812"
"http://data.europa.eu/esco/isco/C812","Metal processing and finishing plant operators","http://data.europa.eu/esco/isco/C8122","Metal finishing, plating and coating machine operators",86,"C812"
"http://data.europa.eu/esco/isco/C813","Chemical and photographic products plant and machine operators","http://data.europa.eu/esco/isco/C8131","Chemical products plant and machine operators",87,"C813"
"http://data.europa.eu/esco/isco/C813","Chemical and photographic products plant and machine operators","http://data.europa.eu/esco/isco/C8132","Photographic products machine operators",87,"C813"
"http://data.europa.eu/esco/isco/C814","Rubber, plastic and paper products machine operators","http://data.europa.eu/esco/isco/C8141","Rubber products machine operators",88,"C814"
"http://data.europa.eu/esco/isco/C814","Rubber, plastic and paper products machine operators","http://data.europa.eu/esco/isco/C8142","Plastic products machine operators",88,"C814"
"http://data.europa.eu/esco/isco/C814","Rubber, plastic and paper products machine operators","http://data.europa.eu/esco/isco/C8143","Paper products machine operators",88,"C814"
"http://data.europa.eu/esco/isco/C815","Textile, fur and leather products machine operators","http://data.europa.eu/esco/isco/C8151","Fibre preparing, spinning and winding machine operators",89,"C815"
"http://data.europa.eu/esco/isco/C815","Textile, fur and leather products machine operators","http://data.europa.eu/esco/isco/C8152","Weaving and knitting machine operators",89,"C815"
"http://data.europa.eu/esco/isco/C815","Textile, fur and leather products machine operators","http://data.europa.eu/esco/isco/C8153","Sewing machine operators",89,"C815"
"http://data.europa.eu/esco/isco/C815","Textile, fur and leather products machine operators","http://data.europa.eu/esco/isco/C8154","Bleaching, dyeing and fabric cleaning machine operators",89,"C815"
"http://data.europa.eu/esco/isco/C815","Textile, fur and leather products machine operators","http://data.europa.eu/esco/isco/C8155","Fur and leather preparing machine operators",89,"C815"
"http://data.europa.eu/esco/isco/C815","Textile, fur and leather products machine operators","http://data.europa.eu/esco/isco/C8156","Shoemaking and related machine operators",89,"C815"
"http://data.europa.eu/esco/isco/C815","Textile, fur and leather products machine operators","http://data.europa.eu/esco/isco/C8157","Laundry machine operators",89,"C815"
"http://data.europa.eu/esco/isco/C815","Textile, fur and leather products machine operators","http://data.europa.eu/esco/isco/C8159","Textile, fur and leather products machine operators not elsewhere classified",89,"C815"
"http://data.europa.eu/esco/isco/C821","Assemblers","http://data.europa.eu/esco/isco/C8211","Mechanical machinery assemblers",90,"C821"
"http://data.europa.eu/esco/isco/C821","Assemblers","http://data.europa.eu/esco/isco/C8212","Electrical and electronic equipment assemblers",90,"C821"
"http://data.europa.eu/esco/isco/C821","Assemblers","http://data.europa.eu/esco/isco/C8219","Assemblers not elsewhere classified",90,"C821"
"http://data.europa.eu/esco/isco/C817","Wood processing and papermaking plant operators","http://data.europa.eu/esco/isco/C8171","Pulp and papermaking plant operators",91,"C817"
"http://data.europa.eu/esco/isco/C817","Wood processing and papermaking plant operators","http://data.europa.eu/esco/isco/C8172","Wood processing plant operators",91,"C817"
"http://data.europa.eu/esco/isco/C818","Other stationary plant and machine operators","http://data.europa.eu/esco/isco/C8181","Glass and ceramics plant operators",92,"C818"
"http://data.europa.eu/esco/isco/C818","Other stationary plant and machine operators","http://data.europa.eu/esco/isco/C8182","Steam engine and boiler operators",92,"C818"
"http://data.europa.eu/esco/isco/C818","Other stationary plant and machine operators","http://data.europa.eu/esco/isco/C8183","Packing, bottling and labelling machine operators",92,"C818"
"http://data.europa.eu/esco/isco/C818","Other stationary plant and machine operators","http://data.europa.eu/esco/isco/C8189","Stationary plant and machine operators not elsewhere classified",92,"C818"
"http://data.europa.eu/esco/isco/C831","Locomotive engine drivers and related workers","http://data.europa.eu/esco/isco/C8311","Locomotive engine drivers",93,"C831"
"http://data.europa.eu/esco/isco/C831","Locomotive engine drivers and related workers","http://data.europa.eu/esco/isco/C8312","Railway brake, signal and switch operators",93,"C831"
"http://data.europa.eu/esco/isco/C832","Car, van and motorcycle drivers","http://data.europa.eu/esco/isco/C8321","Motorcycle drivers",94,"C832"
"http://data.europa.eu/esco/isco/C832","Car, van and motorcycle drivers","http://data.europa.eu/esco/isco/C8322","Car, taxi and van drivers",94,"C832"
"http://data.europa.eu/esco/isco/C833","Heavy truck and bus drivers","http://data.europa.eu/esco/isco/C8331","Bus and tram drivers",95,"C833"
"http://data.europa.eu/esco/isco/C833","Heavy truck and bus drivers","http://data.europa.eu/esco/isco/C8332","Heavy truck and lorry drivers",95,"C833"
"http://data.europa.eu/esco/isco/C834","Mobile plant operators","http://data.europa.eu/esco/isco/C8341","Mobile farm and forestry plant operators",96,"C834"
"http://data.europa.eu/esco/isco/C834","Mobile plant operators","http://data.europa.eu/esco/isco/C8342","Earthmoving and related plant operators",96,"C834"
"http://data.europa.eu/esco/isco/C834","Mobile plant operators","http://data.europa.eu/esco/isco/C8343","Crane, hoist and related plant operators",96,"C834"
"http://data.europa.eu/esco/isco/C834","Mobile plant operators","http://data.europa.eu/esco/isco/C8344","Lifting truck operators",96,"C834"
"http://data.europa.eu/esco/isco/C912","Vehicle, window, laundry and other hand cleaning workers","http://data.europa.eu/esco/isco/C9121","Hand launderers and pressers",97,"C912"
"http://data.europa.eu/esco/isco/C912","Vehicle, window, laundry and other hand cleaning workers","http://data.europa.eu/esco/isco/C9122","Vehicle cleaners",97,"C912"
"http://data.europa.eu/esco/isco/C912","Vehicle, window, laundry and other hand cleaning workers","http://data.europa.eu/esco/isco/C9123","Window cleaners",97,"C912"
"http://data.europa.eu/esco/isco/C912","Vehicle, window, laundry and other hand cleaning workers","http://data.europa.eu/esco/isco/C9129","Other cleaning workers",97,"C912"
"http://data.europa.eu/esco/isco/C921","Agricultural, forestry and fishery labourers","http://data.europa.eu/esco/isco/C9211","Crop farm labourers",98,"C921"
"http://data.europa.eu/esco/isco/C921","Agricultural, forestry and fishery labourers","http://data.europa.eu/esco/isco/C9212","Livestock farm labourers",98,"C921"
"http://data.europa.eu/esco/isco/C921","Agricultural, forestry and fishery labourers","http://data.europa.eu/esco/isco/C9213","Mixed crop and livestock farm labourers",98,"C921"
"http://data.europa.eu/esco/isco/C921","Agricultural, forestry and fishery labourers","http://data.europa.eu/esco/isco/C9214","Garden and horticultural labourers",98,"C921"
"http://data.europa.eu/esco/isco/C921","Agricultural, forestry and fishery labourers","http://data.europa.eu/esco/isco/C9215","Forestry labourers",98,"C921"
"http://data.europa.eu/esco/isco/C921","Agricultural, forestry and fishery labourers","http://data.europa.eu/esco/isco/C9216","Fishery and aquaculture labourers",98,"C921"
"http://data.europa.eu/esco/isco/C932","Manufacturing labourers","http://data.europa.eu/esco/isco/C9321","Hand packers",99,"C932"
"http://data.europa.eu/esco/isco/C932","Manufacturing labourers","http://data.europa.eu/esco/isco/C9329","Manufacturing labourers not elsewhere classified",99,"C932"
"http://data.europa.eu/esco/isco/C941","Food preparation assistants","http://data.europa.eu/esco/isco/C9411","Fast food preparers",100,"C941"
"http://data.europa.eu/esco/isco/C941","Food preparation assistants","http://data.europa.eu/esco/isco/C9412","Kitchen helpers",100,"C941"
"http://data.europa.eu/esco/isco/C962","Other elementary workers","http://data.europa.eu/esco/isco/C9621","Messengers, package deliverers and luggage porters",101,"C962"
"http://data.europa.eu/esco/isco/C962","Other elementary workers","http://data.europa.eu/esco/isco/C9622","Odd job persons",101,"C962"
"http://data.europa.eu/esco/isco/C962","Other elementary workers","http://data.europa.eu/esco/isco/C9623","Meter readers and vending-machine collectors",101,"C962"
"http://data.europa.eu/esco/isco/C962","Other elementary workers","http://data.europa.eu/esco/isco/C9624","Water and firewood collectors",101,"C962"
"http://data.europa.eu/esco/isco/C962","Other elementary workers","http://data.europa.eu/esco/isco/C9629","Elementary workers not elsewhere classified",101,"C962"
"http://data.europa.eu/esco/isco/C011","Commissioned armed forces officers","http://data.europa.eu/esco/isco/C0110","Commissioned armed forces officers",102,"C011"
"http://data.europa.eu/esco/isco/C021","Non-commissioned armed forces officers","http://data.europa.eu/esco/isco/C0210","Non-commissioned armed forces officers",102,"C021"
"http://data.europa.eu/esco/isco/C031","Armed forces occupations, other ranks","http://data.europa.eu/esco/isco/C0310","Armed forces occupations, other ranks",102,"C031"
"http://data.europa.eu/esco/isco/C112","Managing directors and chief executives","http://data.europa.eu/esco/isco/C1120","Managing directors and chief executives",103,"C112"
"http://data.europa.eu/esco/isco/C133","Information and communications technology service managers","http://data.europa.eu/esco/isco/C1330","Information and communications technology service managers",103,"C133"
"http://data.europa.eu/esco/isco/C142","Retail and wholesale trade managers","http://data.europa.eu/esco/isco/C1420","Retail and wholesale trade managers",103,"C142"
"http://data.europa.eu/esco/isco/C212","Mathematicians, actuaries and statisticians","http://data.europa.eu/esco/isco/C2120","Mathematicians, actuaries and statisticians",104,"C212"
"http://data.europa.eu/esco/isco/C223","Traditional and complementary medicine professionals","http://data.europa.eu/esco/isco/C2230","Traditional and complementary medicine professionals",104,"C223"
"http://data.europa.eu/esco/isco/C224","Paramedical practitioners","http://data.europa.eu/esco/isco/C2240","Paramedical practitioners",104,"C224"
"http://data.europa.eu/esco/isco/C225","Veterinarians","http://data.europa.eu/esco/isco/C2250","Veterinarians",104,"C225"
"http://data.europa.eu/esco/isco/C231","University and higher education teachers","http://data.europa.eu/esco/isco/C2310","University and higher education teachers",104,"C231"
"http://data.europa.eu/esco/isco/C232","Vocational education teachers","http://data.europa.eu/esco/isco/C2320","Vocational education teachers",104,"C232"
"http://data.europa.eu/esco/isco/C233","Secondary education teachers","http://data.europa.eu/esco/isco/C2330","Secondary education teachers",104,"C233"
"http://data.europa.eu/esco/isco/C323","Traditional and complementary medicine associate professionals","http://data.europa.eu/esco/isco/C3230","Traditional and complementary medicine associate professionals",105,"C323"
"http://data.europa.eu/esco/isco/C324","Veterinary technicians and assistants","http://data.europa.eu/esco/isco/C3240","Veterinary technicians and assistants",105,"C324"
"http://data.europa.eu/esco/isco/C411","General office clerks","http://data.europa.eu/esco/isco/C4110","General office clerks",106,"C411"
"http://data.europa.eu/esco/isco/C412","Secretaries (general)","http://data.europa.eu/esco/isco/C4120","Secretaries (general)",106,"C412"
"http://data.europa.eu/esco/isco/C512","Cooks","http://data.europa.eu/esco/isco/C5120","Cooks",107,"C512"
"http://data.europa.eu/esco/isco/C523","Cashiers and ticket clerks","http://data.europa.eu/esco/isco/C5230","Cashiers and ticket clerks",107,"C523"
"http://data.europa.eu/esco/isco/C632","Subsistence livestock farmers","http://data.europa.eu/esco/isco/C6320","Subsistence livestock farmers",108,"C632"
"http://data.europa.eu/esco/isco/C613","Mixed crop and animal producers","http://data.europa.eu/esco/isco/C6130","Mixed crop and animal producers",108,"C613"
"http://data.europa.eu/esco/isco/C621","Forestry and related workers","http://data.europa.eu/esco/isco/C6210","Forestry and related workers",108,"C621"
"http://data.europa.eu/esco/isco/C631","Subsistence crop farmers","http://data.europa.eu/esco/isco/C6310","Subsistence crop farmers",108,"C631"
"http://data.europa.eu/esco/isco/C633","Subsistence mixed crop and livestock farmers","http://data.europa.eu/esco/isco/C6330","Subsistence mixed crop and livestock farmers",108,"C633"
"http://data.europa.eu/esco/isco/C634","Subsistence fishers, hunters, trappers and gatherers","http://data.europa.eu/esco/isco/C6340","Subsistence fishers, hunters, trappers and gatherers",108,"C634"
"http://data.europa.eu/esco/isco/C816","Food and related products machine operators","http://data.europa.eu/esco/isco/C8160","Food and related products machine operators",109,"C816"
"http://data.europa.eu/esco/isco/C835","Ships’ deck crews and related workers","http://data.europa.eu/esco/isco/C8350","Ships’ deck crews and related workers",109,"C835"
"http://data.europa.eu/esco/isco/C951","Street and related service workers","http://data.europa.eu/esco/isco/C9510","Street and related service workers",110,"C951"
"http://data.europa.eu/esco/isco/C952","Street vendors (excluding food)","http://data.europa.eu/esco/isco/C9520","Street vendors (excluding food)",110,"C952"
